{
  "run_dir": "/work/nvme/betk/zli42/RLEPD/exps/20251214-135518-sd15_k20",
  "policy_checkpoint": "/work/nvme/betk/zli42/RLEPD/exps/20251214-135518-sd15_k20/checkpoints/policy-step010000.pt",
  "export_step": 10000,
  "timestamp": "2025-12-16T06:18:14.199962+00:00",
  "sanitized_rows": {
    "reordered": 0,
    "adjusted": 0
  },
  "latest_metrics": {
    "step": 12330,
    "mixed_reward_mean": 0.262176513671875,
    "mixed_reward_std": 0.0249030739068985,
    "kl": 76.41859436035156,
    "policy_loss": -0.0015082210302352905,
    "elapsed_sec": 107666.02332139015
  }
}