{
  "run_dir": "/work/nvme/betk/zli42/RLEPD/exps/20251214-135518-sd15_k20",
  "policy_checkpoint": "/work/nvme/betk/zli42/RLEPD/exps/20251214-135518-sd15_k20/checkpoints/policy-step004000.pt",
  "export_step": 4000,
  "timestamp": "2025-12-15T17:08:59.192113+00:00",
  "sanitized_rows": {
    "reordered": 0,
    "adjusted": 0
  },
  "latest_metrics": {
    "step": 9052,
    "mixed_reward_mean": 0.297454833984375,
    "mixed_reward_std": 0.028690142557024956,
    "kl": 99.63190841674805,
    "policy_loss": -0.0046625398099422455,
    "elapsed_sec": 76337.8483440876
  }
}