{
  "run_dir": "/work/nvme/betk/zli42/RLEPD/smoke_tests/20260329-162229/runs/20260329-163125-smoke_sd3_512",
  "policy_checkpoint": "/work/nvme/betk/zli42/RLEPD/smoke_tests/20260329-162229/runs/20260329-163125-smoke_sd3_512/checkpoints/policy-step000010.pt",
  "export_step": 10,
  "timestamp": "2026-03-29T22:25:31.167287+00:00",
  "sanitized_rows": {
    "reordered": 0,
    "adjusted": 0
  },
  "latest_metrics": {
    "step": 10,
    "mixed_reward_mean": 0.24613189697265625,
    "mixed_reward_std": 0.02559901773929596,
    "kl": 0.026280973106622696,
    "policy_loss": 0.004210043698549271,
    "elapsed_sec": 99.01098108291626
  }
}