{
  "run_dir": "/work/nvme/betk/zli42/RLEPD/exps/20251219-032038-sd3_512_new",
  "policy_checkpoint": "/work/nvme/betk/zli42/RLEPD/exps/20251219-032038-sd3_512_new/checkpoints/policy-step017000.pt",
  "export_step": 17000,
  "timestamp": "2025-12-21T03:23:47.182562+00:00",
  "sanitized_rows": {
    "reordered": 0,
    "adjusted": 0
  },
  "latest_metrics": {
    "step": 18368,
    "mixed_reward_mean": 0.2659454345703125,
    "mixed_reward_std": 0.024500802159309387,
    "kl": 172.05491638183594,
    "policy_loss": -0.004645485430955887,
    "elapsed_sec": 141535.6366775036
  }
}