{
  "images_dir": "/work/nvme/betk/zli42/RLEPD/smoke_tests/20260329-162229/samples/sd15",
  "pattern": "**/*.png",
  "prompts_file": "/work/nvme/betk/zli42/RLEPD/smoke_tests/20260329-162229/prompts/smoke_prompts_5.txt",
  "stats": {
    "count": 5,
    "mean": 0.20458984375,
    "std": 0.0229949951171875,
    "min": 0.171875,
    "max": 0.2291259765625
  },
  "metadata": {
    "duration": 2.022739887237549,
    "num_images": 5,
    "batch_size": 1,
    "device": "cuda"
  }
}