{
  "images_dir": "/work/nvme/betk/zli42/RLEPD/smoke_tests/20260329-162229/samples/sd3_1024",
  "pattern": "**/*.png",
  "prompts_file": "/work/nvme/betk/zli42/RLEPD/smoke_tests/20260329-162229/prompts/smoke_prompts_1.txt",
  "stats": {
    "count": 1,
    "mean": 0.2213134765625,
    "std": 0.0,
    "min": 0.2213134765625,
    "max": 0.2213134765625
  },
  "metadata": {
    "duration": 0.3905067443847656,
    "num_images": 1,
    "batch_size": 1,
    "device": "cuda"
  }
}