{
  "run_dir": "/work/nvme/betk/zli42/RLEPD/exps/20251204-144911-sd3_1024",
  "policy_checkpoint": "/work/nvme/betk/zli42/RLEPD/exps/20251204-144911-sd3_1024/checkpoints/policy-step005000.pt",
  "export_step": 5000,
  "timestamp": "2025-12-06T07:24:18.799004+00:00",
  "sanitized_rows": {
    "reordered": 0,
    "adjusted": 0
  },
  "latest_metrics": {
    "step": 7510,
    "mixed_reward_mean": 0.3072967529296875,
    "mixed_reward_std": 0.038531456142663956,
    "kl": 23.094101905822754,
    "policy_loss": 0.003448769450187683,
    "elapsed_sec": 124495.59377884865
  }
}