{
  "run_dir": "/work/nvme/betk/zli42/RLEPD/exps/20251206-131339-sd3_1024",
  "policy_checkpoint": "/work/nvme/betk/zli42/RLEPD/exps/20251206-131339-sd3_1024/checkpoints/policy-step002000.pt",
  "export_step": 2000,
  "timestamp": "2025-12-07T18:06:19.986702+00:00",
  "sanitized_rows": {
    "reordered": 0,
    "adjusted": 0
  },
  "latest_metrics": {
    "step": 4746,
    "mixed_reward_mean": 0.2312774658203125,
    "mixed_reward_std": 0.03422379866242409,
    "kl": 8.278353691101074,
    "policy_loss": 0.0023414120078086853,
    "elapsed_sec": 82260.9322578907
  }
}