{
  "run_dir": "/work/nvme/betk/zli42/RLEPD/exps/20251206-131339-sd3_1024",
  "policy_checkpoint": "/work/nvme/betk/zli42/RLEPD/exps/20251206-131339-sd3_1024/checkpoints/policy-step007000.pt",
  "export_step": 7000,
  "timestamp": "2025-12-08T18:49:21.466439+00:00",
  "sanitized_rows": {
    "reordered": 0,
    "adjusted": 0
  },
  "latest_metrics": {
    "step": 7143,
    "mixed_reward_mean": 0.291473388671875,
    "mixed_reward_std": 0.022044572979211807,
    "kl": 26.092041969299316,
    "policy_loss": -0.0023192688822746277,
    "elapsed_sec": 143089.93920564651
  }
}