{
  "run_dir": "/work/nvme/betk/zli42/RLEPD/exps/20251222-171726-sd15_k20",
  "policy_checkpoint": "/work/nvme/betk/zli42/RLEPD/exps/20251222-171726-sd15_k20/checkpoints/policy-step008000.pt",
  "export_step": 8000,
  "timestamp": "2025-12-24T09:19:33.481532+00:00",
  "sanitized_rows": {
    "reordered": 0,
    "adjusted": 0
  },
  "latest_metrics": {
    "step": 8541,
    "mixed_reward_mean": 0.246551513671875,
    "mixed_reward_std": 0.019842036068439484,
    "kl": 750.0748596191406,
    "policy_loss": -0.020903855562210083,
    "elapsed_sec": 122316.77536678314
  }
}