{
  "run_dir": "/work/nvme/betk/zli42/RLEPD/exps/20251030-211927-sd15_rl_base",
  "policy_checkpoint": "/work/nvme/betk/zli42/RLEPD/exps/20251030-211927-sd15_rl_base/checkpoints/policy-step000002.pt",
  "export_step": 2,
  "timestamp": "2025-10-31T02:29:03.194626+00:00",
  "sanitized_rows": {
    "reordered": 0,
    "adjusted": 0
  },
  "latest_metrics": {
    "step": 2,
    "reward_mean": 0.2325439453125,
    "reward_std": 0.027435302734375,
    "kl": 0.018406779505312443,
    "policy_loss": 0.03882014751434326,
    "elapsed_sec": 40.12965154647827
  }
}