{
  "run_dir": "/work/nvme/betk/zli42/RLEPD/exps/20260331-200737-flux_dev",
  "policy_checkpoint": "/work/nvme/betk/zli42/RLEPD/exps/20260331-200737-flux_dev/checkpoints/policy-step001000.pt",
  "export_step": 1000,
  "timestamp": "2026-04-02T18:49:18.286998+00:00",
  "sanitized_rows": {
    "reordered": 0,
    "adjusted": 0
  },
  "latest_metrics": {
    "step": 1090,
    "mixed_reward_mean": 0.31494140625,
    "mixed_reward_std": 0.013507398776710033,
    "kl": 4.237422227859497,
    "policy_loss": 0.002294570207595825,
    "elapsed_sec": 49021.73002624512
  }
}