{
  "run_dir": "/work/nvme/betk/zli42/RLEPD/smoke_tests/flux_smoke_003/runs/20260330-002004-smoke_flux",
  "policy_checkpoint": "/work/nvme/betk/zli42/RLEPD/smoke_tests/flux_smoke_003/runs/20260330-002004-smoke_flux/checkpoints/policy-step000010.pt",
  "export_step": 10,
  "timestamp": "2026-03-30T21:03:40.758791+00:00",
  "sanitized_rows": {
    "reordered": 0,
    "adjusted": 0
  },
  "latest_metrics": {
    "step": 10,
    "mixed_reward_mean": 0.203369140625,
    "mixed_reward_std": 0.009288981556892395,
    "kl": 0.03143464773893356,
    "policy_loss": 0.0,
    "elapsed_sec": 171.26603388786316
  }
}