{
  "run_dir": "/work/nvme/betk/zli42/RLEPD/exps/20251212-225028-sd15",
  "policy_checkpoint": "/work/nvme/betk/zli42/RLEPD/exps/20251212-225028-sd15/checkpoints/policy-step009000.pt",
  "export_step": 9000,
  "timestamp": "2025-12-14T06:42:12.805512+00:00",
  "sanitized_rows": {
    "reordered": 0,
    "adjusted": 0
  },
  "latest_metrics": {
    "step": 10416,
    "mixed_reward_mean": 0.2841033935546875,
    "mixed_reward_std": 0.02090638503432274,
    "kl": 99.50638580322266,
    "policy_loss": 0.003678366541862488,
    "elapsed_sec": 92973.45437192917
  }
}