{
  "run_dir": "/work/nvme/betk/zli42/RLEPD/exps/20251203-011623-sd3_512",
  "policy_checkpoint": "/work/nvme/betk/zli42/RLEPD/exps/20251203-011623-sd3_512/checkpoints/policy-step014000.pt",
  "export_step": 14000,
  "timestamp": "2025-12-04T20:18:41.826892+00:00",
  "sanitized_rows": {
    "reordered": 0,
    "adjusted": 0
  },
  "latest_metrics": {
    "step": 17748,
    "mixed_reward_mean": 0.28173828125,
    "mixed_reward_std": 0.014174618758261204,
    "kl": 26.85071849822998,
    "policy_loss": -0.0018387138843536377,
    "elapsed_sec": 132855.0542485714
  }
}