{
  "run_dir": "/work/nvme/betk/zli42/RLEPD/exps/20251203-011623-sd3_512",
  "policy_checkpoint": "/work/nvme/betk/zli42/RLEPD/exps/20251203-011623-sd3_512/checkpoints/policy-step007000.pt",
  "export_step": 7000,
  "timestamp": "2025-12-04T20:18:23.096215+00:00",
  "sanitized_rows": {
    "reordered": 0,
    "adjusted": 0
  },
  "latest_metrics": {
    "step": 17745,
    "mixed_reward_mean": 0.27523040771484375,
    "mixed_reward_std": 0.037776317447423935,
    "kl": 27.003872871398926,
    "policy_loss": 0.002220332622528076,
    "elapsed_sec": 132833.08076882362
  }
}