{
  "images_dir": "/work/nvme/betk/zli42/RLEPD/samples/sd15_14000",
  "pattern": "**/*.png",
  "prompts_file": "/work/nvme/betk/zli42/RLEPD/src/prompts/test.txt",
  "stats": {
    "count": 1000,
    "mean": 0.2470703125,
    "std": 0.0401611328125,
    "min": 0.1209716796875,
    "max": 0.3447265625
  },
  "metadata": {
    "duration": 10.201450824737549,
    "num_images": 1000,
    "batch_size": 8,
    "device": "cuda"
  }
}