{
  "images_dir": "/work/nvme/betk/zli42/RLEPD/samples/sd15_k50_3000",
  "pattern": "**/*.png",
  "prompts_file": "/work/nvme/betk/zli42/RLEPD/src/prompts/test.txt",
  "stats": {
    "count": 1000,
    "mean": 0.2464599609375,
    "std": 0.0400390625,
    "min": 0.113037109375,
    "max": 0.344482421875
  },
  "metadata": {
    "duration": 9.542356967926025,
    "num_images": 1000,
    "batch_size": 8,
    "device": "cuda"
  }
}