{
  "images_dir": "/work/nvme/betk/zli42/RLEPD/samples/sd15_7000",
  "pattern": "**/*.png",
  "prompts_file": "/work/nvme/betk/zli42/RLEPD/src/prompts/test.txt",
  "stats": {
    "count": 1000,
    "mean": 0.2470703125,
    "std": 0.040130615234375,
    "min": 0.11956787109375,
    "max": 0.34619140625
  },
  "metadata": {
    "duration": 22.86245584487915,
    "num_images": 1000,
    "batch_size": 8,
    "device": "cuda"
  }
}