{
  "images_dir": "/work/nvme/betk/zli42/RLEPD/samples/sd15_3000",
  "pattern": "**/*.png",
  "prompts_file": "/work/nvme/betk/zli42/RLEPD/src/prompts/test.txt",
  "stats": {
    "count": 1000,
    "mean": 0.2469482421875,
    "std": 0.0396728515625,
    "min": 0.11907958984375,
    "max": 0.343505859375
  },
  "metadata": {
    "duration": 22.709845542907715,
    "num_images": 1000,
    "batch_size": 8,
    "device": "cuda"
  }
}