{
  "images_dir": "/work/nvme/betk/zli42/RLEPD/samples/sd15_k50_9000",
  "pattern": "**/*.png",
  "prompts_file": "/work/nvme/betk/zli42/RLEPD/src/prompts/test.txt",
  "stats": {
    "count": 1000,
    "mean": 0.247314453125,
    "std": 0.040191650390625,
    "min": 0.1190185546875,
    "max": 0.34716796875
  },
  "metadata": {
    "duration": 9.53953504562378,
    "num_images": 1000,
    "batch_size": 8,
    "device": "cuda"
  }
}