{
  "images_dir": "/work/nvme/betk/zli42/RLEPD/samples/sd15_k20_8000",
  "pattern": "**/*.png",
  "prompts_file": "/work/nvme/betk/zli42/RLEPD/src/prompts/test.txt",
  "stats": {
    "count": 1000,
    "mean": 0.24755859375,
    "std": 0.03997802734375,
    "min": 0.12017822265625,
    "max": 0.344482421875
  },
  "metadata": {
    "duration": 9.562416076660156,
    "num_images": 1000,
    "batch_size": 8,
    "device": "cuda"
  }
}