{
  "images_dir": "/work/nvme/betk/zli42/RLEPD/samples/sd15_10000",
  "pattern": "**/*.png",
  "prompts_file": "/work/nvme/betk/zli42/RLEPD/src/prompts/test.txt",
  "stats": {
    "count": 1000,
    "mean": 0.2470703125,
    "std": 0.039764404296875,
    "min": 0.1251220703125,
    "max": 0.3447265625
  },
  "metadata": {
    "duration": 25.26682138442993,
    "num_images": 1000,
    "batch_size": 8,
    "device": "cuda"
  }
}