{
  "images_dir": "/work/nvme/betk/zli42/RLEPD/samples/sd15_1000",
  "pattern": "**/*.png",
  "prompts_file": "/work/nvme/betk/zli42/RLEPD/src/prompts/test.txt",
  "stats": {
    "count": 1000,
    "mean": 0.2462158203125,
    "std": 0.040191650390625,
    "min": 0.12054443359375,
    "max": 0.34423828125
  },
  "metadata": {
    "duration": 26.71417212486267,
    "num_images": 1000,
    "batch_size": 8,
    "device": "cuda"
  }
}