{
  "images_dir": "/work/nvme/betk/zli42/RLEPD/samples/sd15_5000",
  "pattern": "**/*.png",
  "prompts_file": "/work/nvme/betk/zli42/RLEPD/src/prompts/test.txt",
  "stats": {
    "count": 1000,
    "mean": 0.24755859375,
    "std": 0.039886474609375,
    "min": 0.1201171875,
    "max": 0.35107421875
  },
  "metadata": {
    "duration": 23.196104526519775,
    "num_images": 1000,
    "batch_size": 8,
    "device": "cuda"
  }
}