{
  "images_dir": "/work/nvme/betk/zli42/RLEPD/samples/sd15_k20_2000",
  "pattern": "**/*.png",
  "prompts_file": "/work/nvme/betk/zli42/RLEPD/src/prompts/test.txt",
  "stats": {
    "count": 1000,
    "mean": 0.246826171875,
    "std": 0.040069580078125,
    "min": 0.1192626953125,
    "max": 0.34765625
  },
  "metadata": {
    "duration": 9.538800239562988,
    "num_images": 1000,
    "batch_size": 8,
    "device": "cuda"
  }
}