{
  "images_dir": "/work/nvme/betk/zli42/RLEPD/samples/sd15_13000",
  "pattern": "**/*.png",
  "prompts_file": "/work/nvme/betk/zli42/RLEPD/src/prompts/test.txt",
  "stats": {
    "count": 1000,
    "mean": 0.2469482421875,
    "std": 0.040191650390625,
    "min": 0.127685546875,
    "max": 0.347412109375
  },
  "metadata": {
    "duration": 10.397207736968994,
    "num_images": 1000,
    "batch_size": 8,
    "device": "cuda"
  }
}