{
  "images_dir": "/work/nvme/betk/zli42/RLEPD/samples/sd15_8000",
  "pattern": "**/*.png",
  "prompts_file": "/work/nvme/betk/zli42/RLEPD/src/prompts/test.txt",
  "stats": {
    "count": 1000,
    "mean": 0.2474365234375,
    "std": 0.039703369140625,
    "min": 0.1209716796875,
    "max": 0.349609375
  },
  "metadata": {
    "duration": 22.93613028526306,
    "num_images": 1000,
    "batch_size": 8,
    "device": "cuda"
  }
}