{
  "images_dir": "/work/nvme/betk/zli42/RLEPD/samples/sd15_k5_4000",
  "pattern": "**/*.png",
  "prompts_file": "/work/nvme/betk/zli42/RLEPD/src/prompts/test.txt",
  "stats": {
    "count": 1000,
    "mean": 0.2474365234375,
    "std": 0.039642333984375,
    "min": 0.1221923828125,
    "max": 0.353271484375
  },
  "metadata": {
    "duration": 9.425085306167603,
    "num_images": 1000,
    "batch_size": 8,
    "device": "cuda"
  }
}