{
  "images_dir": "/work/nvme/betk/zli42/RLEPD/samples/sd15_12000",
  "pattern": "**/*.png",
  "prompts_file": "/work/nvme/betk/zli42/RLEPD/src/prompts/test.txt",
  "stats": {
    "count": 1000,
    "mean": 0.2476806640625,
    "std": 0.040008544921875,
    "min": 0.11865234375,
    "max": 0.351806640625
  },
  "metadata": {
    "duration": 10.303116083145142,
    "num_images": 1000,
    "batch_size": 8,
    "device": "cuda"
  }
}