{
  "images_dir": "/work/nvme/betk/zli42/RLEPD/samples/sd15_k20_9000",
  "pattern": "**/*.png",
  "prompts_file": "/work/nvme/betk/zli42/RLEPD/src/prompts/test.txt",
  "stats": {
    "count": 1000,
    "mean": 0.2481689453125,
    "std": 0.0399169921875,
    "min": 0.12127685546875,
    "max": 0.345947265625
  },
  "metadata": {
    "duration": 9.357893943786621,
    "num_images": 1000,
    "batch_size": 8,
    "device": "cuda"
  }
}