{
  "images_dir": "/work/nvme/betk/zli42/RLEPD/samples/sd15_k5_8000",
  "pattern": "**/*.png",
  "prompts_file": "/work/nvme/betk/zli42/RLEPD/src/prompts/test.txt",
  "stats": {
    "count": 1000,
    "mean": 0.2471923828125,
    "std": 0.040069580078125,
    "min": 0.12335205078125,
    "max": 0.34912109375
  },
  "metadata": {
    "duration": 9.50726842880249,
    "num_images": 1000,
    "batch_size": 8,
    "device": "cuda"
  }
}