{
  "images_dir": "/work/nvme/betk/zli42/RLEPD/samples/sd15_k50_5000",
  "pattern": "**/*.png",
  "prompts_file": "/work/nvme/betk/zli42/RLEPD/src/prompts/test.txt",
  "stats": {
    "count": 1000,
    "mean": 0.2471923828125,
    "std": 0.0396728515625,
    "min": 0.1236572265625,
    "max": 0.345458984375
  },
  "metadata": {
    "duration": 9.519476413726807,
    "num_images": 1000,
    "batch_size": 8,
    "device": "cuda"
  }
}