{
  "images_dir": "/work/nvme/betk/zli42/RLEPD/samples/sd15_k20_5000",
  "pattern": "**/*.png",
  "prompts_file": "/work/nvme/betk/zli42/RLEPD/src/prompts/test.txt",
  "stats": {
    "count": 1000,
    "mean": 0.247314453125,
    "std": 0.04022216796875,
    "min": 0.11822509765625,
    "max": 0.347900390625
  },
  "metadata": {
    "duration": 9.438007354736328,
    "num_images": 1000,
    "batch_size": 8,
    "device": "cuda"
  }
}