{
  "images_dir": "/work/nvme/betk/zli42/RLEPD/samples/sd15_k5_1000",
  "pattern": "**/*.png",
  "prompts_file": "/work/nvme/betk/zli42/RLEPD/src/prompts/test.txt",
  "stats": {
    "count": 1000,
    "mean": 0.2464599609375,
    "std": 0.040191650390625,
    "min": 0.12445068359375,
    "max": 0.346435546875
  },
  "metadata": {
    "duration": 14.596386909484863,
    "num_images": 1000,
    "batch_size": 8,
    "device": "cuda"
  }
}