{
  "images_dir": "/work/nvme/betk/zli42/RLEPD/samples/sd15_k50_1000",
  "pattern": "**/*.png",
  "prompts_file": "/work/nvme/betk/zli42/RLEPD/src/prompts/test.txt",
  "stats": {
    "count": 1000,
    "mean": 0.24609375,
    "std": 0.040313720703125,
    "min": 0.11834716796875,
    "max": 0.342529296875
  },
  "metadata": {
    "duration": 9.520744562149048,
    "num_images": 1000,
    "batch_size": 8,
    "device": "cuda"
  }
}