{
  "images_dir": "/work/nvme/betk/zli42/RLEPD/samples/sd15_k5_7000",
  "pattern": "**/*.png",
  "prompts_file": "/work/nvme/betk/zli42/RLEPD/src/prompts/test.txt",
  "stats": {
    "count": 1000,
    "mean": 0.2469482421875,
    "std": 0.040008544921875,
    "min": 0.1185302734375,
    "max": 0.347900390625
  },
  "metadata": {
    "duration": 9.39513611793518,
    "num_images": 1000,
    "batch_size": 8,
    "device": "cuda"
  }
}