{
  "images_dir": "/work/nvme/betk/zli42/RLEPD/samples/sd15_k50_10000",
  "pattern": "**/*.png",
  "prompts_file": "/work/nvme/betk/zli42/RLEPD/src/prompts/test.txt",
  "stats": {
    "count": 1000,
    "mean": 0.2464599609375,
    "std": 0.040283203125,
    "min": 0.1141357421875,
    "max": 0.35009765625
  },
  "metadata": {
    "duration": 9.426007747650146,
    "num_images": 1000,
    "batch_size": 8,
    "device": "cuda"
  }
}