{
  "images_dir": "/work/nvme/betk/zli42/RLEPD/samples/sd15_k5_5000",
  "pattern": "**/*.png",
  "prompts_file": "/work/nvme/betk/zli42/RLEPD/src/prompts/test.txt",
  "stats": {
    "count": 1000,
    "mean": 0.246826171875,
    "std": 0.039947509765625,
    "min": 0.1199951171875,
    "max": 0.34521484375
  },
  "metadata": {
    "duration": 9.751444339752197,
    "num_images": 1000,
    "batch_size": 8,
    "device": "cuda"
  }
}