{
  "images_dir": "/work/nvme/betk/zli42/RLEPD/samples/sd15_11000",
  "pattern": "**/*.png",
  "prompts_file": "/work/nvme/betk/zli42/RLEPD/src/prompts/test.txt",
  "stats": {
    "count": 1000,
    "mean": 0.24755859375,
    "std": 0.039459228515625,
    "min": 0.124755859375,
    "max": 0.34814453125
  },
  "metadata": {
    "duration": 10.157116889953613,
    "num_images": 1000,
    "batch_size": 8,
    "device": "cuda"
  }
}