{
  "images_dir": "/work/nvme/betk/zli42/RLEPD/samples/sd15_15000",
  "pattern": "**/*.png",
  "prompts_file": "/work/nvme/betk/zli42/RLEPD/src/prompts/test.txt",
  "stats": {
    "count": 1000,
    "mean": 0.2474365234375,
    "std": 0.03997802734375,
    "min": 0.11669921875,
    "max": 0.3486328125
  },
  "metadata": {
    "duration": 21.03051257133484,
    "num_images": 1000,
    "batch_size": 8,
    "device": "cuda"
  }
}