{
  "images_dir": "/work/nvme/betk/zli42/RLEPD/samples/sd15_k50_8000",
  "pattern": "**/*.png",
  "prompts_file": "/work/nvme/betk/zli42/RLEPD/src/prompts/test.txt",
  "stats": {
    "count": 1000,
    "mean": 0.2470703125,
    "std": 0.039764404296875,
    "min": 0.11419677734375,
    "max": 0.3486328125
  },
  "metadata": {
    "duration": 9.581060409545898,
    "num_images": 1000,
    "batch_size": 8,
    "device": "cuda"
  }
}