{
  "images_dir": "/work/nvme/betk/zli42/RLEPD/samples/sd15_k5_2000",
  "pattern": "**/*.png",
  "prompts_file": "/work/nvme/betk/zli42/RLEPD/src/prompts/test.txt",
  "stats": {
    "count": 1000,
    "mean": 0.24658203125,
    "std": 0.040191650390625,
    "min": 0.1138916015625,
    "max": 0.352294921875
  },
  "metadata": {
    "duration": 9.566741704940796,
    "num_images": 1000,
    "batch_size": 8,
    "device": "cuda"
  }
}