{
  "images_dir": "/work/nvme/betk/zli42/RLEPD/samples/sd3_1024_4500",
  "pattern": "**/*.png",
  "prompts_file": "/work/nvme/betk/zli42/RLEPD/src/prompts/test.txt",
  "stats": {
    "count": 1000,
    "mean": 0.28173828125,
    "std": 0.04742431640625,
    "min": 0.080078125,
    "max": 0.394775390625
  },
  "metadata": {
    "duration": 28.39836025238037,
    "num_images": 1000,
    "batch_size": 8,
    "device": "cuda"
  }
}