{
  "images_dir": "/work/nvme/betk/zli42/RLEPD/samples/sd3_1024_10000",
  "pattern": "**/*.png",
  "prompts_file": "/work/nvme/betk/zli42/RLEPD/src/prompts/test.txt",
  "stats": {
    "count": 1000,
    "mean": 0.281982421875,
    "std": 0.047210693359375,
    "min": 0.08221435546875,
    "max": 0.39501953125
  },
  "metadata": {
    "duration": 28.88125705718994,
    "num_images": 1000,
    "batch_size": 8,
    "device": "cuda"
  }
}