{
  "images_dir": "/work/nvme/betk/zli42/RLEPD/samples/sd3_512_13000",
  "pattern": "**/*.png",
  "prompts_file": "/work/nvme/betk/zli42/RLEPD/src/prompts/test.txt",
  "stats": {
    "count": 1000,
    "mean": 0.271240234375,
    "std": 0.043182373046875,
    "min": 0.1246337890625,
    "max": 0.39013671875
  },
  "metadata": {
    "duration": 10.06482982635498,
    "num_images": 1000,
    "batch_size": 8,
    "device": "cuda"
  }
}