{
  "images_dir": "/work/nvme/betk/zli42/RLEPD/samples/sd3_1024_1500",
  "pattern": "**/*.png",
  "prompts_file": "/work/nvme/betk/zli42/RLEPD/src/prompts/test.txt",
  "stats": {
    "count": 1000,
    "mean": 0.28125,
    "std": 0.047882080078125,
    "min": 0.07696533203125,
    "max": 0.39404296875
  },
  "metadata": {
    "duration": 31.751686096191406,
    "num_images": 1000,
    "batch_size": 8,
    "device": "cuda"
  }
}