{
  "images_dir": "/work/nvme/betk/zli42/RLEPD/samples/sd3_512_7000",
  "pattern": "**/*.png",
  "prompts_file": "/work/nvme/betk/zli42/RLEPD/src/prompts/test.txt",
  "stats": {
    "count": 1000,
    "mean": 0.273193359375,
    "std": 0.04266357421875,
    "min": 0.1334228515625,
    "max": 0.392333984375
  },
  "metadata": {
    "duration": 9.931663751602173,
    "num_images": 1000,
    "batch_size": 8,
    "device": "cuda"
  }
}