{
  "images_dir": "/work/nvme/betk/zli42/RLEPD/samples/sd3_1024_2500",
  "pattern": "**/*.png",
  "prompts_file": "/work/nvme/betk/zli42/RLEPD/src/prompts/test.txt",
  "stats": {
    "count": 1000,
    "mean": 0.281005859375,
    "std": 0.047882080078125,
    "min": 0.07855224609375,
    "max": 0.39453125
  },
  "metadata": {
    "duration": 29.474292993545532,
    "num_images": 1000,
    "batch_size": 8,
    "device": "cuda"
  }
}