{
  "images_dir": "/work/nvme/betk/zli42/RLEPD/samples/sd3_512_8000",
  "pattern": "**/*.png",
  "prompts_file": "/work/nvme/betk/zli42/RLEPD/src/prompts/test.txt",
  "stats": {
    "count": 1000,
    "mean": 0.271728515625,
    "std": 0.042755126953125,
    "min": 0.1365966796875,
    "max": 0.3857421875
  },
  "metadata": {
    "duration": 11.090124607086182,
    "num_images": 1000,
    "batch_size": 8,
    "device": "cuda"
  }
}