{
  "images_dir": "/work/nvme/betk/zli42/RLEPD/samples/sd3_512_3000",
  "pattern": "**/*.png",
  "prompts_file": "/work/nvme/betk/zli42/RLEPD/src/prompts/test.txt",
  "stats": {
    "count": 1000,
    "mean": 0.271484375,
    "std": 0.043609619140625,
    "min": 0.11859130859375,
    "max": 0.38671875
  },
  "metadata": {
    "duration": 11.657414197921753,
    "num_images": 1000,
    "batch_size": 8,
    "device": "cuda"
  }
}