{
  "images_dir": "/work/nvme/betk/zli42/RLEPD/samples/sd3_1024_7200",
  "pattern": "**/*.png",
  "prompts_file": "/work/nvme/betk/zli42/RLEPD/src/prompts/test.txt",
  "stats": {
    "count": 1000,
    "mean": 0.2822265625,
    "std": 0.047332763671875,
    "min": 0.083984375,
    "max": 0.396728515625
  },
  "metadata": {
    "duration": 36.62377381324768,
    "num_images": 1000,
    "batch_size": 8,
    "device": "cuda"
  }
}