{
  "images_dir": "/work/nvme/betk/zli42/RLEPD/samples/sd3_512_6500",
  "pattern": "**/*.png",
  "prompts_file": "/work/nvme/betk/zli42/RLEPD/src/prompts/test.txt",
  "stats": {
    "count": 1000,
    "mean": 0.273681640625,
    "std": 0.04278564453125,
    "min": 0.1348876953125,
    "max": 0.387451171875
  },
  "metadata": {
    "duration": 10.213420391082764,
    "num_images": 1000,
    "batch_size": 8,
    "device": "cuda"
  }
}