{
  "images_dir": "/work/nvme/betk/zli42/RLEPD/samples/sd3_epd_15",
  "pattern": "**/*.png",
  "prompts_file": "/work/nvme/betk/zli42/RLEPD/src/prompts/test.txt",
  "stats": {
    "count": 1000,
    "mean": 0.282958984375,
    "std": 0.047271728515625,
    "min": 0.08648681640625,
    "max": 0.396240234375
  },
  "metadata": {
    "duration": 29.00855851173401,
    "num_images": 1000,
    "batch_size": 8,
    "device": "cuda"
  }
}