{
  "images_dir": "/work/nvme/betk/zli42/RLEPD/samples/sd3_512_1000",
  "pattern": "**/*.png",
  "prompts_file": "/work/nvme/betk/zli42/RLEPD/src/prompts/test.txt",
  "stats": {
    "count": 1000,
    "mean": 0.272216796875,
    "std": 0.043670654296875,
    "min": 0.1201171875,
    "max": 0.385986328125
  },
  "metadata": {
    "duration": 11.092246055603027,
    "num_images": 1000,
    "batch_size": 8,
    "device": "cuda"
  }
}