{
  "images_dir": "/work/nvme/betk/zli42/RLEPD/samples/sd3_512_12000",
  "pattern": "**/*.png",
  "prompts_file": "/work/nvme/betk/zli42/RLEPD/src/prompts/test.txt",
  "stats": {
    "count": 1000,
    "mean": 0.273193359375,
    "std": 0.042236328125,
    "min": 0.12213134765625,
    "max": 0.383056640625
  },
  "metadata": {
    "duration": 10.066330194473267,
    "num_images": 1000,
    "batch_size": 8,
    "device": "cuda"
  }
}