{
  "images_dir": "/work/nvme/betk/zli42/RLEPD/samples/sd3_512_9000",
  "pattern": "**/*.png",
  "prompts_file": "/work/nvme/betk/zli42/RLEPD/src/prompts/test.txt",
  "stats": {
    "count": 1000,
    "mean": 0.274169921875,
    "std": 0.0419921875,
    "min": 0.11651611328125,
    "max": 0.3876953125
  },
  "metadata": {
    "duration": 10.078203439712524,
    "num_images": 1000,
    "batch_size": 8,
    "device": "cuda"
  }
}