{
  "images_dir": "/work/nvme/betk/zli42/RLEPD/samples/sd3_512_5000",
  "pattern": "**/*.png",
  "prompts_file": "/work/nvme/betk/zli42/RLEPD/src/prompts/test.txt",
  "stats": {
    "count": 1000,
    "mean": 0.27294921875,
    "std": 0.04132080078125,
    "min": 0.1319580078125,
    "max": 0.377685546875
  },
  "metadata": {
    "duration": 10.129311084747314,
    "num_images": 1000,
    "batch_size": 8,
    "device": "cuda"
  }
}